<?xml version="1.0"?>
<?xml-stylesheet type="text/xsl" href="toc.xsl"?>
<toc label="XDC Packages" topic="packages.html">
<topic class="toc-id" label="host.platforms.PC" href="host/platforms/PC/package.html" title="package host.platforms.PC">
<topic class="toc-id" label="Intel80586" href="host/platforms/PC/Intel80586.html" title="metaonly module host.platforms.PC.Intel80586">
</topic>
<topic class="toc-id" label="Platform" href="host/platforms/PC/Platform.html" title="metaonly module host.platforms.PC.Platform">
</topic>
</topic>
<topic class="toc-id" label="host.platforms.SUN" href="host/platforms/SUN/package.html" title="package host.platforms.SUN">
<topic class="toc-id" label="Platform" href="host/platforms/SUN/Platform.html" title="metaonly module host.platforms.SUN.Platform">
</topic>
<topic class="toc-id" label="SunSparc7" href="host/platforms/SUN/SunSparc7.html" title="metaonly module host.platforms.SUN.SunSparc7">
</topic>
</topic>
<topic class="toc-id" label="host.platforms.arm" href="host/platforms/arm/package.html" title="package host.platforms.arm">
<topic class="toc-id" label="Platform" href="host/platforms/arm/Platform.html" title="metaonly module host.platforms.arm.Platform">
</topic>
</topic>
<topic class="toc-id" label="host.platforms.macos" href="host/platforms/macos/package.html" title="package host.platforms.macos">
<topic class="toc-id" label="Intel80586" href="host/platforms/macos/Intel80586.html" title="metaonly module host.platforms.macos.Intel80586">
</topic>
<topic class="toc-id" label="Platform" href="host/platforms/macos/Platform.html" title="metaonly module host.platforms.macos.Platform">
</topic>
</topic>
<topic class="toc-id" label="ti.targets.omf.elf" href="ti/targets/omf/elf/package.html" title="package ti.targets.omf.elf">
</topic>
<topic class="toc-id" label="xdc" href="xdc/package.html" title="package xdc">
<topic class="toc-id" label="IPackage" href="xdc/IPackage.html" title="metaonly interface xdc.IPackage">
</topic>
<topic class="toc-id" label="Warnings" href="xdc/Warnings.html" title="metaonly module xdc.Warnings">
</topic>
</topic>
<topic class="toc-id" label="xdc.bld" href="xdc/bld/package.html" title="package xdc.bld">
<topic class="toc-id" label="BuildEnvironment" href="xdc/bld/BuildEnvironment.html" title="metaonly module xdc.bld.BuildEnvironment">
</topic>
<topic class="toc-id" label="Executable" href="xdc/bld/Executable.html" title="metaonly module xdc.bld.Executable">
</topic>
<topic class="toc-id" label="ITarget" href="xdc/bld/ITarget.html" title="metaonly interface xdc.bld.ITarget">
</topic>
<topic class="toc-id" label="ITarget2" href="xdc/bld/ITarget2.html" title="metaonly interface xdc.bld.ITarget2">
</topic>
<topic class="toc-id" label="ITarget3" href="xdc/bld/ITarget3.html" title="metaonly interface xdc.bld.ITarget3">
</topic>
<topic class="toc-id" label="ITargetFilter" href="xdc/bld/ITargetFilter.html" title="metaonly interface xdc.bld.ITargetFilter">
</topic>
<topic class="toc-id" label="Library" href="xdc/bld/Library.html" title="metaonly module xdc.bld.Library">
</topic>
<topic class="toc-id" label="Manifest" href="xdc/bld/Manifest.html" title="metaonly module xdc.bld.Manifest">
</topic>
<topic class="toc-id" label="Object" href="xdc/bld/Object.html" title="metaonly module xdc.bld.Object">
</topic>
<topic class="toc-id" label="PackageContents" href="xdc/bld/PackageContents.html" title="metaonly module xdc.bld.PackageContents">
</topic>
<topic class="toc-id" label="Release" href="xdc/bld/Release.html" title="metaonly module xdc.bld.Release">
</topic>
<topic class="toc-id" label="Repository" href="xdc/bld/Repository.html" title="metaonly module xdc.bld.Repository">
</topic>
<topic class="toc-id" label="Script" href="xdc/bld/Script.html" title="metaonly module xdc.bld.Script">
</topic>
<topic class="toc-id" label="Test" href="xdc/bld/Test.html" title="metaonly module xdc.bld.Test">
</topic>
<topic class="toc-id" label="Utils" href="xdc/bld/Utils.html" title="metaonly module xdc.bld.Utils">
</topic>
</topic>
<topic class="toc-id" label="xdc.cfg" href="xdc/cfg/package.html" title="package xdc.cfg">
<topic class="toc-id" label="Program" href="xdc/cfg/Program.html" title="metaonly module xdc.cfg.Program">
</topic>
<topic class="toc-id" label="SourceDir" href="xdc/cfg/SourceDir.html" title="metaonly module xdc.cfg.SourceDir">
</topic>
</topic>
<topic class="toc-id" label="xdc.platform" href="xdc/platform/package.html" title="package xdc.platform">
<topic class="toc-id" label="ExeContext" href="xdc/platform/ExeContext.html" title="metaonly module xdc.platform.ExeContext">
</topic>
<topic class="toc-id" label="ICpuDataSheet" href="xdc/platform/ICpuDataSheet.html" title="metaonly interface xdc.platform.ICpuDataSheet">
</topic>
<topic class="toc-id" label="IExeContext" href="xdc/platform/IExeContext.html" title="metaonly interface xdc.platform.IExeContext">
</topic>
<topic class="toc-id" label="IPeripheral" href="xdc/platform/IPeripheral.html" title="metaonly interface xdc.platform.IPeripheral">
</topic>
<topic class="toc-id" label="IPlatform" href="xdc/platform/IPlatform.html" title="metaonly interface xdc.platform.IPlatform">
</topic>
<topic class="toc-id" label="Utils" href="xdc/platform/Utils.html" title="metaonly module xdc.platform.Utils">
</topic>
</topic>
<topic class="toc-id" label="xdc.platform.generic" href="xdc/platform/generic/package.html" title="package xdc.platform.generic">
<topic class="toc-id" label="Platform" href="xdc/platform/generic/Platform.html" title="metaonly module xdc.platform.generic.Platform">
</topic>
</topic>
<topic class="toc-id" label="xdc.rov" href="xdc/rov/package.html" title="package xdc.rov">
<topic class="toc-id" label="CallStack" href="xdc/rov/CallStack.html" title="metaonly module xdc.rov.CallStack">
</topic>
<topic class="toc-id" label="ICallBack" href="xdc/rov/ICallBack.html" title="metaonly interface xdc.rov.ICallBack">
</topic>
<topic class="toc-id" label="ICallStack" href="xdc/rov/ICallStack.html" title="metaonly interface xdc.rov.ICallStack">
</topic>
<topic class="toc-id" label="Model" href="xdc/rov/Model.html" title="metaonly module xdc.rov.Model">
</topic>
<topic class="toc-id" label="Program" href="xdc/rov/Program.html" title="metaonly module xdc.rov.Program">
</topic>
<topic class="toc-id" label="StateReader" href="xdc/rov/StateReader.html" title="metaonly module xdc.rov.StateReader">
</topic>
<topic class="toc-id" label="StructureDecoder" href="xdc/rov/StructureDecoder.html" title="metaonly module xdc.rov.StructureDecoder">
</topic>
<topic class="toc-id" label="ViewInfo" href="xdc/rov/ViewInfo.html" title="metaonly module xdc.rov.ViewInfo">
</topic>
<topic class="toc-id" label="ViewXml" href="xdc/rov/ViewXml.html" title="metaonly module xdc.rov.ViewXml">
</topic>
</topic>
<topic class="toc-id" label="xdc.rov.monserver" href="xdc/rov/monserver/package.html" title="package xdc.rov.monserver">
<topic class="toc-id" label="Main" href="xdc/rov/monserver/Main.html" title="metaonly module xdc.rov.monserver.Main">
</topic>
<topic class="toc-id" label="ProgressCallBack" href="xdc/rov/monserver/ProgressCallBack.html" title="metaonly module xdc.rov.monserver.ProgressCallBack">
</topic>
<topic class="toc-id" label="Support" href="xdc/rov/monserver/Support.html" title="metaonly module xdc.rov.monserver.Support">
</topic>
</topic>
<topic class="toc-id" label="xdc.rov.runtime" href="xdc/rov/runtime/package.html" title="package xdc.rov.runtime">
<topic class="toc-id" label="Monitor" href="xdc/rov/runtime/Monitor.html" title="module xdc.rov.runtime.Monitor">
</topic>
</topic>
<topic class="toc-id" label="xdc.rov.testserver" href="xdc/rov/testserver/package.html" title="package xdc.rov.testserver">
<topic class="toc-id" label="DummyCallBack" href="xdc/rov/testserver/DummyCallBack.html" title="metaonly module xdc.rov.testserver.DummyCallBack">
</topic>
<topic class="toc-id" label="Main" href="xdc/rov/testserver/Main.html" title="metaonly module xdc.rov.testserver.Main">
</topic>
<topic class="toc-id" label="Support" href="xdc/rov/testserver/Support.html" title="metaonly module xdc.rov.testserver.Support">
</topic>
</topic>
<topic class="toc-id" label="xdc.rta.tools.file" href="xdc/rta/tools/file/package.html" title="package xdc.rta.tools.file">
<topic class="toc-id" label="Main" href="xdc/rta/tools/file/Main.html" title="metaonly module xdc.rta.tools.file.Main">
</topic>
</topic>
<topic class="toc-id" label="xdc.runtime" href="xdc/runtime/package.html" title="package xdc.runtime">
<topic class="toc-id" label="Assert" href="xdc/runtime/Assert.html" title="module xdc.runtime.Assert">
</topic>
<topic class="toc-id" label="Defaults" href="xdc/runtime/Defaults.html" title="module xdc.runtime.Defaults">
</topic>
<topic class="toc-id" label="Diags" href="xdc/runtime/Diags.html" title="module xdc.runtime.Diags">
</topic>
<topic class="toc-id" label="Error" href="xdc/runtime/Error.html" title="module xdc.runtime.Error">
</topic>
<topic class="toc-id" label="Gate" href="xdc/runtime/Gate.html" title="module xdc.runtime.Gate">
</topic>
<topic class="toc-id" label="GateNull" href="xdc/runtime/GateNull.html" title="module xdc.runtime.GateNull">
</topic>
<topic class="toc-id" label="HeapMin" href="xdc/runtime/HeapMin.html" title="module xdc.runtime.HeapMin">
</topic>
<topic class="toc-id" label="HeapStd" href="xdc/runtime/HeapStd.html" title="module xdc.runtime.HeapStd">
</topic>
<topic class="toc-id" label="IFilterLogger" href="xdc/runtime/IFilterLogger.html" title="interface xdc.runtime.IFilterLogger">
</topic>
<topic class="toc-id" label="IGateProvider" href="xdc/runtime/IGateProvider.html" title="interface xdc.runtime.IGateProvider">
</topic>
<topic class="toc-id" label="IHeap" href="xdc/runtime/IHeap.html" title="interface xdc.runtime.IHeap">
</topic>
<topic class="toc-id" label="IInstance" href="xdc/runtime/IInstance.html" title="interface xdc.runtime.IInstance">
</topic>
<topic class="toc-id" label="ILogger" href="xdc/runtime/ILogger.html" title="interface xdc.runtime.ILogger">
</topic>
<topic class="toc-id" label="IModule" href="xdc/runtime/IModule.html" title="interface xdc.runtime.IModule">
</topic>
<topic class="toc-id" label="ISystemSupport" href="xdc/runtime/ISystemSupport.html" title="interface xdc.runtime.ISystemSupport">
</topic>
<topic class="toc-id" label="ITimestampClient" href="xdc/runtime/ITimestampClient.html" title="interface xdc.runtime.ITimestampClient">
</topic>
<topic class="toc-id" label="ITimestampProvider" href="xdc/runtime/ITimestampProvider.html" title="interface xdc.runtime.ITimestampProvider">
</topic>
<topic class="toc-id" label="Log" href="xdc/runtime/Log.html" title="module xdc.runtime.Log">
</topic>
<topic class="toc-id" label="LoggerBuf" href="xdc/runtime/LoggerBuf.html" title="module xdc.runtime.LoggerBuf">
</topic>
<topic class="toc-id" label="LoggerCallback" href="xdc/runtime/LoggerCallback.html" title="module xdc.runtime.LoggerCallback">
</topic>
<topic class="toc-id" label="LoggerSys" href="xdc/runtime/LoggerSys.html" title="module xdc.runtime.LoggerSys">
</topic>
<topic class="toc-id" label="Main" href="xdc/runtime/Main.html" title="module xdc.runtime.Main">
</topic>
<topic class="toc-id" label="Memory" href="xdc/runtime/Memory.html" title="module xdc.runtime.Memory">
</topic>
<topic class="toc-id" label="Registry" href="xdc/runtime/Registry.html" title="module xdc.runtime.Registry">
</topic>
<topic class="toc-id" label="Reset" href="xdc/runtime/Reset.html" title="metaonly module xdc.runtime.Reset">
</topic>
<topic class="toc-id" label="Rta" href="xdc/runtime/Rta.html" title="module xdc.runtime.Rta">
</topic>
<topic class="toc-id" label="Startup" href="xdc/runtime/Startup.html" title="module xdc.runtime.Startup">
</topic>
<topic class="toc-id" label="SysCallback" href="xdc/runtime/SysCallback.html" title="module xdc.runtime.SysCallback">
</topic>
<topic class="toc-id" label="SysMin" href="xdc/runtime/SysMin.html" title="module xdc.runtime.SysMin">
</topic>
<topic class="toc-id" label="SysStd" href="xdc/runtime/SysStd.html" title="module xdc.runtime.SysStd">
</topic>
<topic class="toc-id" label="System" href="xdc/runtime/System.html" title="module xdc.runtime.System">
</topic>
<topic class="toc-id" label="Text" href="xdc/runtime/Text.html" title="module xdc.runtime.Text">
</topic>
<topic class="toc-id" label="Timestamp" href="xdc/runtime/Timestamp.html" title="module xdc.runtime.Timestamp">
</topic>
<topic class="toc-id" label="TimestampNull" href="xdc/runtime/TimestampNull.html" title="module xdc.runtime.TimestampNull">
</topic>
<topic class="toc-id" label="TimestampStd" href="xdc/runtime/TimestampStd.html" title="module xdc.runtime.TimestampStd">
</topic>
<topic class="toc-id" label="Types" href="xdc/runtime/Types.html" title="module xdc.runtime.Types">
</topic>
</topic>
<topic class="toc-id" label="xdc.runtime.knl" href="xdc/runtime/knl/package.html" title="package xdc.runtime.knl">
<topic class="toc-id" label="Cache" href="xdc/runtime/knl/Cache.html" title="module xdc.runtime.knl.Cache">
</topic>
<topic class="toc-id" label="CacheSupportNull" href="xdc/runtime/knl/CacheSupportNull.html" title="module xdc.runtime.knl.CacheSupportNull">
</topic>
<topic class="toc-id" label="GateH" href="xdc/runtime/knl/GateH.html" title="module xdc.runtime.knl.GateH">
</topic>
<topic class="toc-id" label="GateProcess" href="xdc/runtime/knl/GateProcess.html" title="module xdc.runtime.knl.GateProcess">
</topic>
<topic class="toc-id" label="GateProcessSupportNull" href="xdc/runtime/knl/GateProcessSupportNull.html" title="module xdc.runtime.knl.GateProcessSupportNull">
</topic>
<topic class="toc-id" label="GateThread" href="xdc/runtime/knl/GateThread.html" title="module xdc.runtime.knl.GateThread">
</topic>
<topic class="toc-id" label="GateThreadSupportNull" href="xdc/runtime/knl/GateThreadSupportNull.html" title="module xdc.runtime.knl.GateThreadSupportNull">
</topic>
<topic class="toc-id" label="ICacheSupport" href="xdc/runtime/knl/ICacheSupport.html" title="interface xdc.runtime.knl.ICacheSupport">
</topic>
<topic class="toc-id" label="IGateProcessSupport" href="xdc/runtime/knl/IGateProcessSupport.html" title="interface xdc.runtime.knl.IGateProcessSupport">
</topic>
<topic class="toc-id" label="IGateThreadSupport" href="xdc/runtime/knl/IGateThreadSupport.html" title="interface xdc.runtime.knl.IGateThreadSupport">
</topic>
<topic class="toc-id" label="ISemaphore" href="xdc/runtime/knl/ISemaphore.html" title="interface xdc.runtime.knl.ISemaphore">
</topic>
<topic class="toc-id" label="ISemProcessSupport" href="xdc/runtime/knl/ISemProcessSupport.html" title="interface xdc.runtime.knl.ISemProcessSupport">
</topic>
<topic class="toc-id" label="ISemThreadSupport" href="xdc/runtime/knl/ISemThreadSupport.html" title="interface xdc.runtime.knl.ISemThreadSupport">
</topic>
<topic class="toc-id" label="ISync" href="xdc/runtime/knl/ISync.html" title="interface xdc.runtime.knl.ISync">
</topic>
<topic class="toc-id" label="IThreadSupport" href="xdc/runtime/knl/IThreadSupport.html" title="interface xdc.runtime.knl.IThreadSupport">
</topic>
<topic class="toc-id" label="Semaphore" href="xdc/runtime/knl/Semaphore.html" title="module xdc.runtime.knl.Semaphore">
</topic>
<topic class="toc-id" label="SemProcess" href="xdc/runtime/knl/SemProcess.html" title="module xdc.runtime.knl.SemProcess">
</topic>
<topic class="toc-id" label="SemThread" href="xdc/runtime/knl/SemThread.html" title="module xdc.runtime.knl.SemThread">
</topic>
<topic class="toc-id" label="Sync" href="xdc/runtime/knl/Sync.html" title="module xdc.runtime.knl.Sync">
</topic>
<topic class="toc-id" label="SyncGeneric" href="xdc/runtime/knl/SyncGeneric.html" title="module xdc.runtime.knl.SyncGeneric">
</topic>
<topic class="toc-id" label="SyncNull" href="xdc/runtime/knl/SyncNull.html" title="module xdc.runtime.knl.SyncNull">
</topic>
<topic class="toc-id" label="SyncSemThread" href="xdc/runtime/knl/SyncSemThread.html" title="module xdc.runtime.knl.SyncSemThread">
</topic>
<topic class="toc-id" label="Thread" href="xdc/runtime/knl/Thread.html" title="module xdc.runtime.knl.Thread">
</topic>
</topic>
<topic class="toc-id" label="xdc.services.getset" href="xdc/services/getset/package.html" title="package xdc.services.getset">
<topic class="toc-id" label="GetSet" href="xdc/services/getset/GetSet.html" title="metaonly module xdc.services.getset.GetSet">
</topic>
</topic>
<topic class="toc-id" label="xdc.services.global" href="xdc/services/global/package.html" title="package xdc.services.global">
<topic class="toc-id" label="Clock" href="xdc/services/global/Clock.html" title="metaonly module xdc.services.global.Clock">
</topic>
<topic class="toc-id" label="Trace" href="xdc/services/global/Trace.html" title="metaonly module xdc.services.global.Trace">
</topic>
</topic>
<topic class="toc-id" label="xdc.services.mapping" href="xdc/services/mapping/package.html" title="package xdc.services.mapping">
</topic>
<topic class="toc-id" label="xdc.services.spec" href="xdc/services/spec/package.html" title="package xdc.services.spec">
</topic>
<topic class="toc-id" label="xdc.shelf" href="xdc/shelf/package.html" title="package xdc.shelf">
</topic>
<topic class="toc-id" label="xdc.shelf.local" href="xdc/shelf/local/package.html" title="package xdc.shelf.local">
</topic>
<topic class="toc-id" label="xdc.tools" href="xdc/tools/package.html" title="package xdc.tools">
<topic class="toc-id" label="Cmdr" href="xdc/tools/Cmdr.html" title="metaonly module xdc.tools.Cmdr">
</topic>
<topic class="toc-id" label="ICmd" href="xdc/tools/ICmd.html" title="metaonly interface xdc.tools.ICmd">
</topic>
</topic>
<topic class="toc-id" label="xdc.tools.cdoc" href="xdc/tools/cdoc/package.html" title="package xdc.tools.cdoc">
<topic class="toc-id" label="Example" href="xdc/tools/cdoc/Example.html" title="module xdc.tools.cdoc.Example">
</topic>
<topic class="toc-id" label="Main" href="xdc/tools/cdoc/Main.html" title="metaonly module xdc.tools.cdoc.Main">
</topic>
<topic class="toc-id" label="Markup" href="xdc/tools/cdoc/Markup.html" title="metaonly module xdc.tools.cdoc.Markup">
</topic>
</topic>
<topic class="toc-id" label="xdc.tools.cdoc.sg" href="xdc/tools/cdoc/sg/package.html" title="package xdc.tools.cdoc.sg">
<topic class="toc-id" label="Main" href="xdc/tools/cdoc/sg/Main.html" title="metaonly module xdc.tools.cdoc.sg.Main">
</topic>
</topic>
<topic class="toc-id" label="xdc.tools.check" href="xdc/tools/check/package.html" title="package xdc.tools.check">
<topic class="toc-id" label="Main" href="xdc/tools/check/Main.html" title="metaonly module xdc.tools.check.Main">
</topic>
</topic>
<topic class="toc-id" label="xdc.tools.closure" href="xdc/tools/closure/package.html" title="package xdc.tools.closure">
<topic class="toc-id" label="Main" href="xdc/tools/closure/Main.html" title="metaonly module xdc.tools.closure.Main">
</topic>
</topic>
<topic class="toc-id" label="xdc.tools.configuro" href="xdc/tools/configuro/package.html" title="package xdc.tools.configuro">
<topic class="toc-id" label="Main" href="xdc/tools/configuro/Main.html" title="metaonly module xdc.tools.configuro.Main">
</topic>
</topic>
<topic class="toc-id" label="xdc.tools.path" href="xdc/tools/path/package.html" title="package xdc.tools.path">
<topic class="toc-id" label="Main" href="xdc/tools/path/Main.html" title="metaonly module xdc.tools.path.Main">
</topic>
</topic>
<topic class="toc-id" label="xdc.tools.path.sg" href="xdc/tools/path/sg/package.html" title="package xdc.tools.path.sg">
<topic class="toc-id" label="Main" href="xdc/tools/path/sg/Main.html" title="metaonly module xdc.tools.path.sg.Main">
</topic>
</topic>
<topic class="toc-id" label="xdc.tools.product" href="xdc/tools/product/package.html" title="package xdc.tools.product">
<topic class="toc-id" label="IProduct" href="xdc/tools/product/IProduct.html" title="metaonly interface xdc.tools.product.IProduct">
</topic>
<topic class="toc-id" label="IProductTemplate" href="xdc/tools/product/IProductTemplate.html" title="metaonly interface xdc.tools.product.IProductTemplate">
</topic>
<topic class="toc-id" label="IProductView" href="xdc/tools/product/IProductView.html" title="metaonly interface xdc.tools.product.IProductView">
</topic>
</topic>
<topic class="toc-id" label="xdc.tools.product.plugingen" href="xdc/tools/product/plugingen/package.html" title="package xdc.tools.product.plugingen">
<topic class="toc-id" label="Main" href="xdc/tools/product/plugingen/Main.html" title="metaonly module xdc.tools.product.plugingen.Main">
</topic>
</topic>
<topic class="toc-id" label="xdc.tools.product.trexgen" href="xdc/tools/product/trexgen/package.html" title="package xdc.tools.product.trexgen">
<topic class="toc-id" label="Main" href="xdc/tools/product/trexgen/Main.html" title="metaonly module xdc.tools.product.trexgen.Main">
</topic>
</topic>
<topic class="toc-id" label="xdc.tools.repoman" href="xdc/tools/repoman/package.html" title="package xdc.tools.repoman">
<topic class="toc-id" label="Main" href="xdc/tools/repoman/Main.html" title="metaonly module xdc.tools.repoman.Main">
</topic>
</topic>
<topic class="toc-id" label="xdc.tools.repoman.sg" href="xdc/tools/repoman/sg/package.html" title="package xdc.tools.repoman.sg">
<topic class="toc-id" label="Main" href="xdc/tools/repoman/sg/Main.html" title="metaonly module xdc.tools.repoman.sg.Main">
</topic>
</topic>
</toc>
